,기사제목
0,"코로나19 감소세 향후 전망은…""내주 1만명 이하"" 예측도"
1,미 코로나19 사망자 100만명 돌파
2,문 대통령 “코로나로 뛰놀 수 없는데도 잘 자란 어린이들 대견”
3,"경기도민 45% ""코로나19 일상 회복, 연내 가능"""
4,베이징 코로나 감염지역 15개구로 늘어
5,"블링컨 美 국무장관, 코로나19 확진"
6,코로나19 확진자 4만2296명15일 연속 10만명 아래
7,작년 명동거리 임대료 월 1372만원…코로나에도 고작 0.7% 하락
8,코로나 신규 확진 4만2296명…이틀째 4만명대
9,"코로나 겪은 우리 아이들, 요즘 몸과 마음에 이런 병이..."
10,코로나19 이틀째 4만 명대…“취약계층 환기 지원”
11,미국 내 반아시아 정서 악화…코로나19 · 반중 정책 등 영향
12,"美국무장관, 코로나19 확진…""바이든과 밀접접촉 안 해"""
13,코로나 신규확진 4만9064명… 사망 72명·위중증 432명
14,"매진, 만석, 풀부킹…코로나 시름 날린 5월"
15,코로나 신규 확진 4만2296명…이틀째 4만명대
16,코로나19 유행 속 기습시위 연 민주노총 지도부 구속
17,"코로나 겪은 우리 아이들, 요즘 몸과 마음에 이런 병이..."
18,"""코로나19 이후 국가총부채 증가…위험 관리 나서야"""
19,코로나19 확진자 4만2296명15일 연속 10만명 아래
20,"아이유, 어린이날 1억 쾌척…코로나·산불피해 이어 또 선행"
21,코로나가 어린이날 소비패턴 바꿨다…비대면 선물 급증
22,코로나19 재감염 5만5906명 추정…요양병원·시설 발병률 높아
23,"코로나 직전 태어난 5세 어린이 ""첫 나들이예요"""
24,코로나로 중단됐던 단양군 시티투어 7일부터 재개
25,"모더나, 1분기 코로나 백신 매출·이익 3배로 '껑충'"
26,오미크론 하위 변이에…미국서 다시 코로나 유행 조짐
27,방역 당국 “코로나 재확산 우려… 재택근무 활성화 유도할 것”
28,코로나에도 매출 쑥…살아남은 전통 맛집 어디
29,오후 9시까지 코로나19 신규 확진자 4만1258명… 전날보다 6474명 적어
30,"""中 주요도시서 1년간 코로나19 전수검사시 323조원 들어"""
31,"코로나발 상권 지각변동…명동·동대문 지고, 용산 뜨고"
32,"대구 2166명, 경북 2938명 코로나19 신규 확진"
33,"미뤄왔던 신혼여행 수요 폭발…""코로나 이전의 70%까지 회복"""
34,코로나로 허용 '비대면 진료' 앞날
35,[코로나19] 신규확진 4만2296명…위중증 441명·사망 79명
36,"WHO ""미주 · 아프리카에서 코로나 확진자 다시 증가"""
37,"""뇌 20년 늙거나 IQ 10 감소"" 충격적인 '코로나 후유증'"
38,'어린이날 흥행' 수원 롯데-KT전 매진…코로나19 시대 첫 만원 관중
39,광주 인구는 감소…코로나19 이후 실업급여 증가
40,"""엔저·제로코로나에 중국 투자자 일본으로 눈 돌려"""
41,가정의달 ‘퐁당퐁당’ 휴일에 코로나 완화까지…나들이·여행객 들썩
42,"블링컨 미 국무장관, 코로나19 확진"
43,경남 어제 코로나 2607명 확진자 발생
44,"거점오피스 늘리고, 출근은 3일만…코로나 끝나도 유연근무"
45,‘제로코로나’ 비판한 죄?… 中 경제전문가들 SNS ‘증발’
46,"동아쏘시오홀딩스, 코로나發 '챔프' 매출 7배 성장했는데 적자전환한 이유는? [Why 바이오]"
47,코로나19 변이 'BA.2.12.1'가 국내에서 첫 확인
48,"“코로나 확진자, 내달 초엔 4분의1로 감소”… 새 변이가 변수"
49,“코로나19 여파로 농촌 방문객 10% 줄어”
50,"일동홀딩스 ""코로나19 치료제·NASH 신약 개발 순항"""
51,軍 코로나19 신규확진 1102명… 누적 13만6714명
52,"인천시, 9일부터 코로나19 임시 선별검사소 6곳 축소"
53,"김총리 ""코로나 세대로 불리는 아이들을 위한 치유 고민해야"""
54,"‘코로나·부상’ 쇼트트랙 황대헌·곽윤기, 2022-2023시즌 태극마크 포기"
55,코로나 엔데믹 가속화 속 다른길 가는 K-백신
56,"울산시, 하반기 중 코로나19 대응 유공자 500명 표창"
57,목 아프고 계속 간질간질하면 코로나? 진짜 코로나 감별법 있다
58,"농촌관광 선호활동, 코로나19 사태로 맛집 방문→둘레길 걷기"
59,"'준 봉쇄' 베이징, 코로나 확산 우려에 지하철역 40개 폐쇄"
60,곽도원 “코로나 합병증으로 배 아파 죽겠다”…게실염 뭐길래
61,모더나 코로나 백신 판매 힘입어 1분기 매출·수익 전년보다 3배로 껑충
62,"피치, 중국 경제성장 전망 4.3%로 낮춰…코로나 봉쇄 영향"
63,中 노동절 연휴 관광객 코로나 확산에 전년대비 30% 감소
64,"중국 4월 서비스업 PMI, 코로나 초기 이후 최저… 봉쇄 정책 여파"
65,대만 코로나19 일일 감염자 3만명 처음 넘어
66,"대한항공, 코로나에도 분기 최대 영업익 또 경신…""화물이 효자"""
67,"경북도 포스트 코로나 대응체계, 전국 시도로 전파"
68,"코로나19 신규확진 4만 9,064명…위중증 432명·사망 72명"
69,"코로나 치료 중 '투약 오류' 영아 사망…유족, 병원·국가 상대 소송"
70,한산한 코로나19 임시 선별검사소
71,코로나19 이틀째 4만명대…'어린이날' 마스크 없는 첫 연휴[종합]
72,5일 오후 6시까지 코로나19 신규확진자 2만2435명…전날보다 1만1854명 적어
73,"중국 경제전문가들, '제로코로나' 비판하자마자 SNS서 사라졌다"
74,"네이버 파격…""코로나 상관없이 주5일 재택근무 가능"""
75,"떠나는 최장수 경제사령탑 홍남기 ""코로나 수습 기억 남아, 부동산 안정 아쉬워"""
76,아이도 괴롭히는 코로나 후유증… 말보다 행동 살피세요
77,"전해철 장관, 코로나19 중대본 회의 주재"
78,"경기 1호 코로나 생활치료센터, 한화생명 라이프파크도 '격리해제'"
79,어린이날에도 이어지는 코로나19 검사
80,거리두기 전면 해제 후 코로나19 신규확진자 4만2296명…사망 79명
81,금호석화 1분기 영업이익 작년 대비 27%↓…코로나 특수 줄어(종합)
82,부산 코로나19 감소세…2046명 신규 확진
83,코로나19 신규확진 4만2296명…이틀째 4만명대
84,[포토뉴스] 코로나19 싫어
85,"코로나 위험도 15주만에 '중간'…""감소세 한달 이상 지속"""
86,"“코로나에 문 닫는 서피랑 카페, 그냥 두고 볼 수는 없었죠”"
87,"고려대 안암병원, 포스트 코로나 감염병 대응 모듈병상 가동"
88,"[속보] 코로나19 신규 환자 4만 2,296명...전날보다 6천여 명 감소"
89,脫코로나인데 웃지 못하는 동네 상권… ‘빨대 효과’에 되레 침체
90,코로나19 경남 신규 확진자 2천607명
91,어린이날에도 코로나19 검사하는 의료진
92,"상하이 '제로 코로나' 봉쇄에...""40대 한국인 숨진 채 발견"""
93,"코로나 시대 상권 희비…소공동 울고, 노량진·가락동 웃었다"
94,"외환위기 영향 무연고 죽음 10년 새 3배...""코로나 영향은 한참 뒤에"""
95,코로나19로 허용된 '비대면 진료'…앞으론 어떻게 될까?
96,"코로나19 감소세 지속 ""다음 주 1만 명 이하 가능"""
97,"KBO 리그, 코로나 시대 첫 매진 사례…어린이날 관중수 역대 3위"
98,기침만? 코로나 이후 ‘위험’한 경우
99,"코로나19 지옥 배달로 버틴 사장님들 그래도 ""남는 건 없어요"""
